# ('runnr', 'thickness', 'energy', 'events', 'proc_events', 'rmsROOT', 'rmsROOT_norm', 'rmsROOT_norm_error', 'rmsfrac', 'rmsfrac_norm', 'rmsfrac_norm_error', 'gauss_mu', 'gauss_si', 'gauss_si_dev', 'gauss_height', 'gauss_chi2red', 'gauss_si_norm', 'gauss_si_norm_error', 'combined_mu', 'combined_si_g', 'combined_si_g_dev', 'combined_nu_s', 'combined_si_s', 'combined_si_s_dev', 'combined_frac', 'combined_height', 'combined_chi2red', 'combined_si_g_norm', 'combined_si_s_norm', 'combined_si_g_norm_error', 'combined_si_s_norm_error', 'combined_one_mu', 'combined_one_si', 'combined_one_si_dev', 'combined_one_nu_s', 'combined_one_frac', 'combined_one_height', 'combined_one_chi2red', 'combined_one_si_norm', 'combined_one_si_norm_error')
1.000000000000000000e+00,0.000000000000000000e+00,2.000000000000000000e+00,2.000000000000000000e+06,1.151953600000000000e+07,4.874650057605329767e-01,0.000000000000000000e+00,0.000000000000000000e+00,2.986010134238274438e-01,0.000000000000000000e+00,0.000000000000000000e+00,-3.256841808640404540e-04,2.951292984859917867e-01,3.146635420742783119e-03,5.612411530092736939e+05,2.074302954218286686e+03,0.000000000000000000e+00,0.000000000000000000e+00,-1.060331355429133116e-04,2.813976649801299690e-01,3.633511434691933783e-04,2.120598754148628196e+00,2.648923328245933462e-01,1.294027707320513036e-03,3.232369653885507343e-01,5.756887822970387060e+05,2.892554825908955962e+00,0.000000000000000000e+00,0.000000000000000000e+00,0.000000000000000000e+00,0.000000000000000000e+00,-1.085612502124828059e-04,2.783361336000523822e-01,1.601628976331988523e-04,2.157277158429190322e+00,3.053336293167208115e-01,5.756745403273941483e+05,3.019324979916782059e+00,0.000000000000000000e+00,0.000000000000000000e+00
2.000000000000000000e+00,0.000000000000000000e+00,1.000000000000000000e+00,2.000000000000000000e+06,6.990762000000000000e+06,6.781025404311076255e-01,0.000000000000000000e+00,0.000000000000000000e+00,4.651931042174509701e-01,0.000000000000000000e+00,0.000000000000000000e+00,-5.981047469333913499e-04,4.605344683086588509e-01,4.346998899729735515e-03,3.401614311642092071e+05,9.557014224437109533e+02,0.000000000000000000e+00,0.000000000000000000e+00,-2.399085839909499663e-04,4.469136345090714557e-01,6.512973136447028832e-04,2.389759470288227661e+00,3.909337641760660675e-01,1.252374888965684160e-03,4.184017458409414747e-01,3.493897740645096637e+05,1.559062596454771521e+00,0.000000000000000000e+00,0.000000000000000000e+00,0.000000000000000000e+00,0.000000000000000000e+00,-2.528839910459325727e-04,4.303659926077801900e-01,2.831996170365009245e-04,2.541423550960104638e+00,3.866351628622486380e-01,3.493346667340943823e+05,2.074726733855857930e+00,0.000000000000000000e+00,0.000000000000000000e+00
3.000000000000000000e+00,0.000000000000000000e+00,3.000000000000000000e+00,2.000000000000000000e+06,1.397903800000000000e+07,4.312849992585620074e-01,0.000000000000000000e+00,0.000000000000000000e+00,2.402906569931985148e-01,0.000000000000000000e+00,0.000000000000000000e+00,4.593456738569884931e-04,2.386772903867860618e-01,2.513868108713535401e-03,6.817114981422116980e+05,2.476054621662351110e+03,0.000000000000000000e+00,0.000000000000000000e+00,6.994965257656919145e-04,2.262734218021086596e-01,2.484953967811226591e-04,2.034314279366085998e+00,2.284007766210648382e-01,1.449016250152067699e-03,2.705785650778714246e-01,6.986311136797319632e+05,3.048761301594564710e+00,0.000000000000000000e+00,0.000000000000000000e+00,0.000000000000000000e+00,0.000000000000000000e+00,6.996152371323425189e-04,2.265614158799266475e-01,1.152857913879773313e-04,2.029769141022262691e+00,2.732759660060527507e-01,6.986310428637274308e+05,3.049882063345890515e+00,0.000000000000000000e+00,0.000000000000000000e+00
4.000000000000000000e+00,0.000000000000000000e+00,4.000000000000000000e+00,2.000000000000000000e+06,1.268462000000000000e+07,3.805343542781984834e-01,0.000000000000000000e+00,0.000000000000000000e+00,2.128653038982890044e-01,0.000000000000000000e+00,0.000000000000000000e+00,3.000452212427754881e-04,2.126502611451500935e-01,2.043038486215583045e-03,6.202074280001452425e+05,1.879246476056780693e+03,0.000000000000000000e+00,0.000000000000000000e+00,5.816323171277940811e-04,2.029180733863765462e-01,1.837750846736840610e-04,2.014457350395439494e+00,2.069042384318240946e-01,1.352873346931173773e-03,2.357862041328734615e-01,6.340098209249230567e+05,2.174343959992158570e+00,0.000000000000000000e+00,0.000000000000000000e+00,0.000000000000000000e+00,0.000000000000000000e+00,5.820741511679051496e-04,2.033624486499705786e-01,8.919780679751744567e-05,2.005204586776832443e+00,2.409116612435953375e-01,6.340093438587521669e+05,2.181857327594372453e+00,0.000000000000000000e+00,0.000000000000000000e+00
5.000000000000000000e+00,0.000000000000000000e+00,5.000000000000000000e+00,2.000000000000000000e+06,9.062526000000000000e+06,3.385295085121039493e-01,0.000000000000000000e+00,0.000000000000000000e+00,1.946465371947295742e-01,0.000000000000000000e+00,0.000000000000000000e+00,2.672452597321779244e-04,1.973272912600280427e-01,1.473903744004433514e-03,4.439135765883419663e+05,7.752998246312587298e+02,0.000000000000000000e+00,0.000000000000000000e+00,6.636578919825712524e-04,1.915150341390753630e-01,1.862164593615834739e-04,1.974451112375938733e+00,1.877596521225781134e-01,1.432365425838860165e-03,2.087328183322789132e-01,4.529292837596050231e+05,2.058903974137035853e+00,0.000000000000000000e+00,0.000000000000000000e+00,0.000000000000000000e+00,0.000000000000000000e+00,6.626580090953694199e-04,1.911458336877881747e-01,9.315262973882356583e-05,1.984042647509620894e+00,2.041969015151398614e-01,4.529283568842662498e+05,2.063793948959327551e+00,0.000000000000000000e+00,0.000000000000000000e+00
7.000000000000000000e+00,2.500000000000000139e-02,5.000000000000000000e+00,2.000000000000000000e+06,8.954974000000000000e+06,3.534026014901629487e-01,1.014454070254946078e-01,5.012703702356044455e-02,2.014656177549915828e-01,5.197230700576160878e-02,3.204987937496079492e-02,1.754824763842132004e-03,2.023004748956178933e-01,1.758166830939544845e-03,4.386367788464554469e+05,1.078714626462055094e+03,4.458051443144846887e-02,1.030610308891853275e-02,2.059021736804855264e-03,1.950759599628161534e-01,1.877763331090384397e-04,1.970267243051812001e+00,1.923371069773124609e-01,1.399164107210042326e-03,2.166359106783047606e-01,4.475676603971925215e+05,1.917530585701712420e+00,3.710285506700328889e-02,4.171181793221896000e-02,1.377901604807675248e-03,9.121155119231311170e-03,2.059862194783420274e-03,1.947946261957871628e-01,9.296903680996127190e-05,1.977190828581767645e+00,2.133163268099543819e-01,4.475670972837928566e+05,1.919677317736812494e+00,3.752621295250657685e-02,6.767823598685783091e-04
9.000000000000000000e+00,2.500000000000000139e-02,4.000000000000000000e+00,2.000000000000000000e+06,1.290547800000000000e+07,3.978558863136140156e-01,1.161159398552407684e-01,5.542726687096800192e-02,2.208235653552421962e-01,5.874869711312744741e-02,3.399169909578885623e-02,8.241232987652126127e-04,2.190692992673547168e-01,2.293905536291941140e-03,6.306576270408522105e+05,2.300182018776059522e+03,5.264241936299368652e-02,1.261889041617255888e-02,1.033656623382882625e-03,2.079558690694457979e-01,1.878953553630006794e-04,2.001333425604039817e+00,2.139672494957237381e-01,1.387260423801902178e-03,2.410427296140140729e-01,6.450523943797503598e+05,2.153126764593503939e+00,4.549614240339047017e-02,5.452173856098293386e-02,1.187201342824843091e-03,7.483154176936382754e-03,1.032781462803569316e-03,2.086399650442173070e-01,9.114527065078262421e-05,1.987834368937947183e+00,2.486582013936966262e-01,6.450510434212541441e+05,2.171175718900110407e+00,4.662992057402949586e-02,5.635994947721903632e-04
1.100000000000000000e+01,2.500000000000000139e-02,3.000000000000000000e+00,2.000000000000000000e+06,1.390944200000000000e+07,4.450726245411196769e-01,1.099222021725486526e-01,7.416104609062837416e-02,2.507578154339817345e-01,7.169297150348744041e-02,3.572231847542028937e-02,-1.926571771362729953e-03,2.479744666906816830e-01,2.716993534606265519e-03,6.780385247436946956e+05,2.679898578578632169e+03,6.726430839717152665e-02,1.341252390250648532e-02,-1.749869962784871176e-03,2.343559876590482760e-01,2.559617030840179511e-04,2.047335167650275789e+00,2.361253652007491710e-01,1.401370362078514396e-03,2.807756502122377151e-01,6.951735265745803481e+05,2.858573129296923199e+00,6.101694467615537826e-02,5.990219804048604879e-02,1.347473401942197698e-03,7.812777280988114637e-03,-1.750108331012779255e-03,2.346087647937075693e-01,1.169661554030850583e-04,2.043557211589776212e+00,2.829860800635259355e-01,6.951735076059323037e+05,2.858917012858121165e+00,6.091959744213780448e-02,6.218786306515982970e-04
1.200000000000000000e+01,2.500000000000000139e-02,2.000000000000000000e+00,2.000000000000000000e+06,1.176810600000000000e+07,5.090484386300041519e-01,1.466566774154135777e-01,7.192024018214078496e-02,3.141811647050602452e-01,9.770997409523460298e-02,4.084043110780909147e-02,-4.082249217949509711e-04,3.103057114023693441e-01,3.302137910217446248e-03,5.728271763873711461e+05,2.102879268684540421e+03,9.585578597088910413e-02,1.442672317854043484e-02,-1.914673483944890817e-04,2.947354435819420360e-01,3.627487640041017133e-04,2.143163914971069062e+00,2.801069586265310662e-01,1.244093988822738903e-03,3.357068500847087966e-01,5.881555748418179573e+05,2.492081208693432526e+00,8.766034364052346928e-02,9.106020141505319354e-02,1.687605283651343741e-03,5.367980893529469659e-03,-1.897801535759424522e-04,2.918884444860715965e-01,1.558480119012461995e-04,2.175055321118483320e+00,3.202600956210564509e-01,5.881449271576197352e+05,2.585278200862817677e+00,8.790825192820238276e-02,7.245270956902917199e-04
1.300000000000000000e+01,2.500000000000000139e-02,1.000000000000000000e+00,2.000000000000000000e+06,6.888538000000000000e+06,7.166291968453730732e-01,2.318067092042904731e-01,8.921207111989575000e-02,4.977513865796439063e-01,1.770644476751047636e-01,5.573551842259859973e-02,1.275103830872248694e-04,4.925943480122306761e-01,4.585761542111115377e-03,3.350476527935575577e+05,9.123235141480557786e+02,1.748061646317301265e-01,1.726689538931674636e-02,3.643257562785723520e-04,4.782851360370681815e-01,6.953620305523507301e-04,2.439072468093189894e+00,4.176777737011813652e-01,1.235007028104788017e-03,4.358532365977990652e-01,3.442925204082053388e+05,1.406874763294748920e+00,1.703668824739389409e-01,1.470561616223789447e-01,2.594203103558075096e-03,4.836171876438061235e-03,3.700637299262249966e-04,4.592151673285986835e-01,2.980406852758027501e-04,2.600977767518592554e+00,4.047654768211971232e-01,3.442362271914214361e+05,1.935615605636259673e+00,1.601988836145650796e-01,1.143993155489865608e-03
1.500000000000000000e+01,5.000000000000000278e-02,1.000000000000000000e+00,2.000000000000000000e+06,6.738166000000000000e+06,7.559543334736598119e-01,3.341315593572138920e-01,6.585664863953806514e-02,5.282405109348293770e-01,2.502666841216014126e-01,4.232915305461413397e-02,-1.249142328752213997e-03,5.224546881192901893e-01,4.738351404210787259e-03,3.277099531635259045e+05,8.477634113411129420e+02,2.467121898842569716e-01,1.290469845703254292e-02,-9.958889340139962486e-04,5.052850081449175024e-01,7.305585938664470877e-04,2.475287261373154024e+00,4.464573460557763052e-01,1.284991728672263238e-03,4.414545631930790193e-01,3.367857828448695363e+05,1.278032597071231180e+00,2.357565327746008743e-01,2.156268857872300770e-01,1.993981096064836346e-03,3.497742491047199295e-03,-9.903552909412303637e-04,4.865418159581613167e-01,3.008562912557323217e-04,2.623572038844679266e+00,4.120403183249471413e-01,3.367403075730226701e+05,1.702199128333870215e+00,2.269538523193325441e-01,8.392761323702187552e-04
1.700000000000000000e+01,5.000000000000000278e-02,2.000000000000000000e+00,2.000000000000000000e+06,1.081169400000000000e+07,5.261396555291428800e-01,1.979919323588935631e-01,5.527833878532974199e-02,3.286363405953706684e-01,1.372562535631061953e-01,3.061090721102975934e-02,-5.567290967362161126e-05,3.243027181601459974e-01,3.397590198099238647e-03,5.263716662536041113e+05,1.874016066359585238e+03,1.344282343156580073e-01,1.071948673068529208e-02,1.661590423819739944e-04,3.073146217302862859e-01,3.644631907429295723e-04,2.181452803050857980e+00,2.947950518375769824e-01,1.258490276258239721e-03,3.382129009210501080e-01,5.403836479705929523e+05,2.040715304074780967e+00,1.235217829897199832e-01,1.293683678441703566e-01,1.227762605817300486e-03,3.904426020187849993e-03,1.663113041020882518e-04,3.048456756389765210e-01,1.536889274928685553e-04,2.209134427399674916e+00,3.254929173502632556e-01,5.403768851680855732e+05,2.097244530607228263e+00,1.243377765940740926e-01,5.201243737623503435e-04
1.800000000000000000e+01,5.000000000000000278e-02,3.000000000000000000e+00,2.000000000000000000e+06,1.290417000000000000e+07,4.472590345494495412e-01,1.184647348397313837e-01,6.917426794870484841e-02,2.603984220208215850e-01,1.003381201374179688e-01,2.662798714359377455e-02,9.092893574900481988e-05,2.563822375232515105e-01,2.877894027802086786e-03,6.290780784996863222e+05,2.623214295040861089e+03,9.362159350839291405e-02,1.015798083716673919e-02,2.672949500183379834e-04,2.416665732022997559e-01,2.449690155214469126e-04,2.076587437585906137e+00,2.437193749762779915e-01,1.289010245850846130e-03,2.878048773500353485e-01,6.449845537113074679e+05,2.185283833395446518e+00,8.487090896949039953e-02,8.504245397283664853e-02,9.620198812717873629e-04,5.365773819846137056e-03,2.675234591599346084e-04,2.419718277937383255e-01,1.103637838661372558e-04,2.072075737291719122e+00,2.903252637966624028e-01,6.449845170060293749e+05,2.186354706110603008e+00,8.497229125029806540e-02,4.396100429683033411e-04
1.900000000000000000e+01,5.000000000000000278e-02,4.000000000000000000e+00,2.000000000000000000e+06,1.250753400000000000e+07,4.014346783312015554e-01,1.278413320524695862e-01,5.084086761412959232e-02,2.252501772194043239e-01,7.366141957403564422e-02,2.770461835054716798e-02,1.356422768089647743e-04,2.241307411188840359e-01,2.283525644985776384e-03,6.107470884181085275e+05,2.087088058941611507e+03,7.081282051577726666e-02,9.480480932861483703e-03,3.935675783133586216e-04,2.129262832810208395e-01,1.852980218383608454e-04,2.014616608109567775e+00,2.169763209467266696e-01,1.236921298896026837e-03,2.521869444103521651e-01,6.251863131187672261e+05,1.840504645537754946e+00,6.451246085083589543e-02,6.534033953480668233e-02,8.415312366549861523e-04,5.934938375946232324e-03,3.943095635581672772e-04,2.134210138781337807e-01,8.818166423029937255e-05,2.005328417916233175e+00,2.573289427686872299e-01,6.251858378845053958e+05,1.848340923687772586e+00,6.474753774359803815e-02,4.037003280111880360e-04
2.000000000000000000e+01,5.000000000000000278e-02,5.000000000000000000e+00,2.000000000000000000e+06,8.928664000000000000e+06,3.652783268150424090e-01,1.372079731916125145e-01,3.845735323841941583e-02,2.046095911645088028e-01,6.306988468840096784e-02,2.685760543644310008e-02,2.736341349872066096e-04,2.059346017591319189e-01,1.754607730563737802e-03,4.369231120473334449e+05,1.019499254825514072e+03,5.891519605052941699e-02,7.873080286281150877e-03,6.219792630411922780e-04,1.986808167901153999e-01,1.829390298839260270e-04,1.957600829519607011e+00,1.950524661057403131e-01,1.287509703850350882e-03,2.240361715881268034e-01,4.462708220065342030e+05,1.712996231679005943e+00,5.287777093539595269e-02,5.283727442572550004e-02,9.629917735352652025e-04,6.964065494433238461e-03,6.214781025321680467e-04,1.982914964952652015e-01,9.022083715782566000e-05,1.966542076127381078e+00,2.196388263726144485e-01,4.462699381215025787e+05,1.717721039646601833e+00,5.275213593905173776e-02,4.784789318386346922e-04
2.200000000000000000e+01,1.000000000000000056e-01,5.000000000000000000e+00,2.000000000000000000e+06,9.216024000000000000e+06,3.834916493770894608e-01,1.801766272536864666e-01,3.104383657857917242e-02,2.146294903909755636e-01,9.043530120252062099e-02,1.978591026318402002e-02,-5.386649667335855493e-04,2.147068006167618670e-01,2.012046784458979953e-03,4.504911462078169570e+05,1.293409802954477300e+03,8.462239866055552839e-02,6.154174403769321032e-03,-2.634877291954730669e-04,2.055830190543039560e-01,1.971729055422918018e-04,1.950697876413103105e+00,2.067096209049138489e-01,1.432042815144132222e-03,2.316986597171378504e-01,4.606262806454181555e+05,1.838498376207829077e+00,7.474201912037901907e-02,8.645912565751311119e-02,7.223595691518704901e-04,4.625813527742878364e-03,-2.635326758511693786e-04,2.057067641464623564e-01,9.645959432075177080e-05,1.948124523355779347e+00,2.330586041760714933e-01,4.606263308909953921e+05,1.838099302730944684e+00,7.601672894441534323e-02,3.507145341566881365e-04
2.300000000000000000e+01,1.000000000000000056e-01,4.000000000000000000e+00,2.000000000000000000e+06,1.327329400000000000e+07,4.348257925074197616e-01,2.103974216661891328e-01,3.395783768036925165e-02,2.378537583197687655e-01,1.061262113859155753e-01,2.048970519203888868e-02,3.284408953756452559e-04,2.358383035372305925e-01,2.523046841598750901e-03,6.472002225050013512e+05,2.438941013101574299e+03,1.019782910732395936e-01,7.224647065152769304e-03,5.738413764701023358e-04,2.229688307140877679e-01,1.974407002403902832e-04,2.014077359167652403e+00,2.281528816515290825e-01,1.229446861010929145e-03,2.671519663810519862e-01,6.634672205291378777e+05,1.891546487386584596e+00,9.240863035003080150e-02,9.614766520744807976e-02,6.243429084446356584e-04,4.121524213394821452e-03,5.737705508949797299e-04,2.236517647825000121e-01,9.249076670310847582e-05,2.002577534057073727e+00,2.736431969041120960e-01,6.634662283535668394e+05,1.905540487365748659e+00,9.307967753175123982e-02,2.955805609540275176e-04
2.400000000000000000e+01,1.000000000000000056e-01,3.000000000000000000e+00,2.000000000000000000e+06,1.461215400000000000e+07,4.859380677641064739e-01,2.238951877929838408e-01,4.027738943849844960e-02,2.777626183335607513e-01,1.393286485446993683e-01,2.074924361745770010e-02,2.970295965056765370e-04,2.733641106207826410e-01,3.101807868060724258e-03,7.108284077827549772e+05,3.002519629831660041e+03,1.332707320799030037e-01,7.794196504101361112e-03,4.719927492426801222e-04,2.561117376453838079e-01,2.598730418279156804e-04,2.084077247401767696e+00,2.617436000523456485e-01,1.300487421002949427e-03,3.060937924015995626e-01,7.303645822794152191e+05,2.270387976322739476e+00,1.199731667736703977e-01,1.278389510566193821e-01,7.262319910479338560e-04,3.713762760782894808e-03,4.717560846425624776e-04,2.570142570913026558e-01,1.149348825452304126e-04,2.072358559019386259e+00,3.128663555353700665e-01,7.303633564379902091e+05,2.286302168735238283e+00,1.213517745345207011e-01,3.249335362256135142e-04
2.600000000000000000e+01,1.000000000000000056e-01,2.000000000000000000e+00,2.000000000000000000e+06,1.269651600000000000e+07,5.802072828256603643e-01,3.146718277870127478e-01,3.928446563505254979e-02,3.610679232760872770e-01,2.029962561259927856e-01,2.334191046867780187e-02,2.186955515506051884e-04,3.530364921186733840e-01,3.866908792157374916e-03,6.171311090636566514e+05,2.416046297266572765e+03,1.937355464095954216e-01,8.522360584642956968e-03,3.961409994403711872e-04,3.308284623158577187e-01,3.833949306924274857e-04,2.191731786986408359e+00,3.248492785451623233e-01,1.311652560869232308e-03,3.544883021620747754e-01,6.346098155761994421e+05,2.075546489700224040e+00,1.739621384727303988e-01,1.880401706605727419e-01,9.365118342477455433e-04,2.908174716363894335e-03,3.955763745123293739e-04,3.295943753426702760e-01,1.559827371312836231e-04,2.203575596643086332e+00,3.486161350497414269e-01,6.346080497591097374e+05,2.087528099911396318e+00,1.765260575385368402e-01,3.854784247522102629e-04
2.800000000000000000e+01,1.000000000000000056e-01,1.000000000000000000e+00,2.000000000000000000e+06,7.386946000000000000e+06,8.373568204288099892e-01,4.912671262964013463e-01,5.120393486307951020e-02,5.896158479939267449e-01,3.622736865880947787e-01,3.391072931755831354e-02,-6.702657848467770537e-04,5.807890144254788112e-01,5.168569339631540367e-03,3.590112876227136585e+05,8.978891963447730404e+02,3.538698670090177911e-01,1.019631005451525872e-02,-6.839990190135685464e-05,5.577043617165530209e-01,7.958817239940130890e-04,2.477236145241980658e+00,4.999810737759302626e-01,1.386752746767243739e-03,4.493527624734005577e-01,3.692249998402614146e+05,1.274793827197542084e+00,3.336200808817716967e-01,3.116919411233857740e-01,1.591011236973093306e-03,2.723157851930222036e-03,-7.162013611943880882e-05,5.390881673456155987e-01,3.138586273975754368e-04,2.601268955264226079e+00,4.216796055335556570e-01,3.691862573543731123e+05,1.633215498814236666e+00,3.246554551809880396e-01,6.422942221683487817e-04
3.000000000000000000e+01,2.000000000000000111e-01,1.000000000000000000e+00,2.000000000000000000e+06,7.342198000000000000e+06,9.760468527836235753e-01,7.020287768244936055e-01,4.520472324345716636e-02,6.966768597255462714e-01,5.186077734334304523e-01,3.074097495982918565e-02,2.503894694809121694e-03,6.856763021073120079e-01,5.676740181630429878e-03,3.567574172983193421e+05,7.725694085964453279e+02,5.079960578303917007e-01,8.616314785947591648e-03,2.602193511774388100e-03,6.552903118141902850e-01,8.983339080430670278e-04,2.553207859880512132e+00,5.941151182865185287e-01,1.468638447141175840e-03,4.675948035740872810e-01,3.670123677736970712e+05,1.024037903947530026e+00,4.792427318670892666e-01,4.473740781535469058e-01,1.370288041497547040e-03,2.236417235841801909e-03,2.598155983038484378e-03,6.344845370579500488e-01,3.362905381404391052e-04,2.669016190022580837e+00,4.424998697953069215e-01,3.669814714148123167e+05,1.306204964018567560e+00,4.662142642309019536e-01,5.270692356833300753e-04
3.200000000000000000e+01,2.000000000000000111e-01,2.000000000000000000e+00,2.000000000000000000e+06,1.315630400000000000e+07,6.615916845503123644e-01,4.473046224051385744e-01,3.340306586733429034e-02,4.160411939053166308e-01,2.897027956517239100e-01,2.016260502830753698e-02,-5.893432199017010001e-04,4.048672747085109158e-01,4.365930887917784074e-03,6.386106722850982333e+05,2.415787505483298446e+03,2.771573692057694438e-01,7.204297079903894396e-03,-4.776554472907661728e-04,3.761285466927061782e-01,4.090863926700681391e-04,2.247833248192444344e+00,3.759580759607032974e-01,1.328579394572671282e-03,3.758956982255177715e-01,6.576338353021956282e+05,1.651485639655467130e+00,2.495757155271677852e-01,2.667892930588085521e-01,7.402281900442251499e-04,2.270685841199448791e-03,-4.776694348348124817e-04,3.760905700165839693e-01,1.590637353020931712e-04,2.248144186427693647e+00,3.757432285272521155e-01,6.576338232855098322e+05,1.650666813046989034e+00,2.529290682938061252e-01,2.949669847266812948e-04
3.300000000000000000e+01,2.000000000000000111e-01,3.000000000000000000e+00,2.000000000000000000e+06,1.529010400000000000e+07,5.522435113221128011e-01,3.449146926588061435e-01,3.107039485927746286e-02,3.132624276163139543e-01,2.009819611752342305e-01,1.699549998951056795e-02,-1.187535718318445069e-03,3.055531202139601388e-01,3.614016835917866020e-03,7.423921260909868870e+05,3.407898007026306004e+03,1.907769910814943459e-01,6.587544132510128603e-03,-1.055478118835792220e-03,2.841756992935058346e-01,2.679626198231871404e-04,2.093819287184760736e+00,2.906162204065270149e-01,1.183840102719103211e-03,3.313680602093608818e-01,7.642928007469057338e+05,1.823674945487114174e+00,1.719190700734449517e-01,1.796966132186957332e-01,5.505971652592830381e-04,2.656624754579782130e-03,-1.054933546820558754e-03,2.853297852536100243e-01,1.146463411149054056e-04,2.081134097782701087e+00,3.385507579672712430e-01,7.642912891876950162e+05,1.843325219747917298e+00,1.734445478743974201e-01,2.413475475311856926e-04
3.500000000000000000e+01,2.000000000000000111e-01,4.000000000000000000e+00,2.000000000000000000e+06,1.357425800000000000e+07,4.825652114219134980e-01,2.967537505891890137e-01,2.772203750338287503e-02,2.617126239536422538e-01,1.522559027853752078e-01,1.618162434525734217e-02,-5.806902622053325587e-04,2.576232711632823191e-01,2.941652935281327975e-03,6.606166974138392834e+05,2.840202473760881730e+03,1.454290764591784357e-01,6.006622746662956813e-03,-4.026219800442057623e-04,2.419914808498585534e-01,2.125734950581310715e-04,2.009234579511383956e+00,2.475164208288445911e-01,1.176880466969716741e-03,2.889438877445253961e-01,6.785268743470461341e+05,1.731165260036580777e+00,1.318488994913061818e-01,1.358492351795496100e-01,4.818843874990912145e-04,2.973799508595354694e-03,-4.026849843890236325e-04,2.428022737771144413e-01,9.702730262455458421e-05,1.997561959061073589e+00,2.955360544850182958e-01,6.785257798275095411e+05,1.746610213079677898e+00,1.326523977560334633e-01,2.241409502445818383e-04
3.600000000000000000e+01,2.000000000000000111e-01,5.000000000000000000e+00,2.000000000000000000e+06,9.489386000000000000e+06,4.371551421634542467e-01,2.765906545538067141e-01,2.416927910574595550e-02,2.337418852667634550e-01,1.294140428476042992e-01,1.541251431619865275e-02,1.047518690220463136e-04,2.312497901432650493e-01,2.483465975054566840e-03,4.631199915252434439e+05,1.776612113025186090e+03,1.205753107617151682e-01,5.338963020500759465e-03,2.881148007637594592e-04,2.199450459309208183e-01,2.085942352375696736e-04,1.907093942128686548e+00,2.194174274009699777e-01,1.335975234371014880e-03,2.502354359583920940e-01,4.743040060058489325e+05,1.741660223586071865e+00,1.081564372946135222e-01,1.135355472179016834e-01,5.372775280380356726e-04,3.503892138354619632e-03,2.881330497093946281e-04,2.198810021140946980e-01,1.005115828036801941e-04,1.908220951124014242e+00,2.496247475684775230e-01,4.743039417281083297e+05,1.740901222204024990e+00,1.086780812974674215e-01,2.611472661659950453e-04
3.800000000000000000e+01,1.000000000000000000e+00,5.000000000000000000e+00,2.000000000000000000e+06,8.786766000000000000e+06,7.079876781683936970e-01,6.218073048017579429e-01,2.480739681994354948e-02,3.522131461789664297e-01,2.935418639638761040e-01,1.325644291630624812e-02,1.350381462470048258e-03,3.387796266615649143e-01,4.100752454484768439e-03,4.256784269371226546e+05,2.057504065922893915e+03,2.753789671796474936e-01,5.154238690746509692e-03,1.406474634900548373e-03,3.174094429143506924e-01,3.433137736808605182e-04,1.819884124466813802e+00,3.119835330053744027e-01,1.526845786211268379e-03,3.140784774587162542e-01,4.391743559539895505e+05,1.674131109125841954e+00,2.531219985499230662e-01,2.491586600969831478e-01,4.529769140810235004e-04,2.195498280844205251e-03,1.407100751122596083e-03,3.165140002436528932e-01,1.562967473039739879e-04,1.827929149504006645e+00,3.093830597686905159e-01,4.391730835727603990e+05,1.680759088159696990e+00,2.522783831683553801e-01,2.084084723751055985e-04
3.900000000000000000e+01,1.000000000000000000e+00,4.000000000000000000e+00,2.000000000000000000e+06,1.152116600000000000e+07,7.616154197753729482e-01,6.597360478658810257e-01,2.718631383239690849e-02,4.149321435149196935e-01,3.561699680183254557e-01,1.499549156197433827e-02,3.252668466259600925e-04,3.993207814328099126e-01,4.600656516389884688e-03,5.577087943760331254e+05,2.419717013158517602e+03,3.379895751632133183e-01,5.585407118728366246e-03,4.264994701118828501e-04,3.716436224494530371e-01,3.790877558458897404e-04,1.977255799175090090e+00,3.679061320211371444e-01,1.384772270570275429e-03,3.532308997023033137e-01,5.758916663061162690e+05,1.545930288672434871e+00,3.113570901722212403e-01,3.042130143463643854e-01,4.680714264257171365e-04,1.910828347238519237e-03,4.262478118998750082e-04,3.708985448003121466e-01,1.593553519866373685e-04,1.983132659351794391e+00,3.502502720137850023e-01,5.758909492757684784e+05,1.548861385750707420e+00,3.101764739854994679e-01,1.993238946774127779e-04
4.100000000000000000e+01,1.000000000000000000e+00,3.000000000000000000e+00,2.000000000000000000e+06,1.660612200000000000e+07,8.762624953281771267e-01,7.627773004837689053e-01,3.107242435850837703e-02,5.231717274741833901e-01,4.647247105438855885e-01,1.805795086476195965e-02,7.961295239402833238e-04,5.043499440461722827e-01,5.270155715231699713e-03,8.035992552547852974e+05,2.844194932507495196e+03,4.442994678288494925e-01,6.132985281221888310e-03,9.197533202834029227e-04,4.649187793586910256e-01,4.711742808315231147e-04,2.169675824525664876e+00,4.697713158930106880e-01,1.499924269515459565e-03,3.901574806713555832e-01,8.300937782596518518e+05,1.702766682508313201e+00,4.061401358968850239e-01,4.105096521091133877e-01,5.568496201517750873e-04,1.896362469125929037e-03,9.198187929192196306e-04,4.660517852456954602e-01,1.814860696198050010e-04,2.162211377352484920e+00,3.934513090895772058e-01,8.300936012132193428e+05,1.707745567512795937e+00,4.072765539104636345e-01,2.173534810922314727e-04
4.200000000000000000e+01,1.000000000000000000e+00,2.000000000000000000e+00,2.000000000000000000e+06,1.297181000000000000e+07,1.089641384559749238e+00,9.745235836572508914e-01,3.727553620981430282e-02,7.325895485522354589e-01,6.689730050085962443e-01,2.439755597899254114e-02,1.058283892683992405e-03,7.124685494957210263e-01,6.023002007698613838e-03,6.289639813616683241e+05,1.446084964898205726e+03,6.484675251666062179e-01,6.770634316474483105e-03,1.309871794758218867e-03,6.579740276884905592e-01,7.843098907981044038e-04,2.414664905910229198e+00,6.576990392255257500e-01,1.996547938552724680e-03,4.247273985023217735e-01,6.484209505445563700e+05,1.448164432145665037e+00,5.947648066726418659e-01,6.019967426896298823e-01,8.845295742945996154e-04,2.254380471105206767e-03,1.309868089667185626e-03,6.578987266391900235e-01,2.730516920329205096e-04,2.415046030828884138e+00,4.245911319465431877e-01,6.484209349470910383e+05,1.447446137533451749e+00,5.961205677092860089e-01,3.104892904688409845e-04
4.400000000000000000e+01,1.000000000000000000e+00,1.000000000000000000e+00,2.000000000000000000e+06,6.791362000000000000e+06,1.731862381434334575e+00,1.593588482917808635e+00,5.712371497954617239e-02,1.302300142721850573e+00,1.216380301353932714e+00,4.216780715180089290e-02,1.847183069860184766e-03,1.282558433029009404e+00,7.769803364514432133e-03,3.300349550831213710e+05,3.809655207386619509e+02,1.197023031371363677e+00,8.491336945602005054e-03,2.166383656084780278e-03,1.217463350068590966e+00,2.114797997120286804e-03,2.753362217303610304e+00,1.127311450432551432e+00,3.092196746472610468e-03,4.993636395290086960e-01,3.394471821354825515e+05,1.161443968285047923e+00,1.132468636232424997e+00,1.057356088696459251e+00,2.288001589779509962e-03,3.329136850735954674e-03,2.149128742251963601e-03,1.183564878201117665e+00,6.699451753758827854e-04,2.861401913637483307e+00,4.809124331463704438e-01,3.394295149209889350e+05,1.309927416688073221e+00,1.102547474405499939e+00,7.276202628846291072e-04
4.600000000000000000e+01,1.000000000000000000e+01,1.000000000000000000e+00,2.000000000000000000e+06,6.610472000000000000e+06,5.536959692857100102e+00,5.495279754933780403e+00,1.673874969611231500e-01,4.526497423348866178e+00,4.502529766628140528e+00,1.365253942266073939e-01,1.550870181579213358e-01,4.425725370311531570e+00,1.552863547324117265e-02,3.203101086187244509e+05,1.240357309436717372e+02,4.401698883035821908e+00,1.562002069670017333e-02,1.552233309886594248e-01,1.757552646398959340e+01,9.573145887749479055e-02,6.897403705832274134e+00,3.974170385186948540e+00,2.763364904094125444e-03,9.706225574857115790e-01,3.301249296039554174e+05,1.766764498108548409e+00,1.756984344522421893e+01,3.954895832069930783e+00,9.576242493911296672e-02,2.779590518135769284e-03,1.550021055572313733e-01,4.049093289736642731e+00,2.356778984532091181e-03,2.832609097513124397e+00,5.255031264626836007e-01,3.303935759775502374e+05,1.243657946408280424e+00,4.026157172962455455e+00,2.370398333563405319e-03
4.700000000000000000e+01,1.000000000000000000e+01,2.000000000000000000e+00,2.000000000000000000e+06,1.312655200000000000e+07,3.554580826059841492e+00,3.520997403741040976e+00,1.076735734248603360e-01,2.550420161308270206e+00,2.532879869632582270e+00,7.704969526115371115e-02,1.363384668824454971e-01,2.388215400528413301e+00,1.364823204287996493e-02,6.307094660610727733e+05,6.561677790587729078e+02,2.369909596692721276e+00,1.375923564325191688e-02,1.369290266240302534e-01,2.153015203109434061e+00,2.941573436165844605e-03,2.136567793046825425e+00,2.215429771455533992e+00,7.452964843591299536e-03,4.541356691501944876e-01,6.562664484678828157e+05,1.682008513301345154e+00,2.134546747898506069e+00,2.199536570339821306e+00,2.967411058051539798e-03,7.508435214724534096e-03,1.369490220459360363e-01,2.170989780456804574e+00,1.014858168620809582e-03,2.113611119190302201e+00,4.627093176012095910e-01,6.562764217386282980e+05,1.716295855075612220e+00,2.153073529534107244e+00,1.023512494767394232e-03
4.800000000000000000e+01,1.000000000000000000e+01,3.000000000000000000e+00,2.000000000000000000e+06,1.572336600000000000e+07,2.891457383331009101e+00,2.859111583872505857e+00,8.774678207331700064e-02,1.830699422023934542e+00,1.814861089439228969e+00,5.540850036677941876e-02,9.224881847487061137e-02,1.639594807915091046e+00,1.240195339241139880e-02,7.500097542397426441e+05,1.361684164559020246e+03,1.622129552531408114e+00,1.254093954385319086e-02,9.240751780963810114e-02,1.474011112138606139e+00,1.954359301366925469e-03,1.804480793238189440e+00,1.527755122933496690e+00,5.974373183443435625e-03,4.298221025440916998e-01,7.861473596007265151e+05,2.469664865229714401e+00,1.456540111804015991e+00,1.510585582113253889e+00,1.978178283078288382e-03,6.046249595141876820e-03,9.240994104069993886e-02,1.487509321774394433e+00,7.610411027052074642e-04,1.784742682458359209e+00,4.402086509164732098e-01,7.861594077341554221e+05,2.537154542403992519e+00,1.470154382097404566e+00,7.702300021246508274e-04
4.900000000000000000e+01,1.000000000000000000e+01,4.000000000000000000e+00,2.000000000000000000e+06,1.190306800000000000e+07,2.576340756423192158e+00,2.548082671033516711e+00,7.816596161635064322e-02,1.458050727582458128e+00,1.442428607106786664e+00,4.422530330781778568e-02,2.746938642327052815e-02,1.250016747288659191e+00,1.124494389352889874e-02,5.645008845522453776e+05,1.445757265626690241e+03,1.231796141793364718e+00,1.141672726256987708e-02,2.780137084765291547e-02,1.122743815921175559e+00,1.570951291001132380e-03,1.603406087304558136e+00,1.170776281505179206e+00,5.457646376576648362e-03,4.148785732918990887e-01,5.951552504086443223e+05,2.459036644249025017e+00,1.104254468717425608e+00,1.152348791579199672e+00,1.597611850756573346e-03,5.550238967662345958e-03,2.779903667715632326e-02,1.133663788972114173e+00,6.587264207741311359e-04,1.585936293694003352e+00,4.266154994722366478e-01,5.951644201112554874e+05,2.528949928623979382e+00,1.115274540597828823e+00,6.697853654158817966e-04
5.000000000000000000e+01,1.000000000000000000e+01,5.000000000000000000e+00,2.000000000000000000e+06,6.995182000000000000e+06,2.418471325937462169e+00,2.394661004453085162e+00,7.328961589505736396e-02,1.237072690798549868e+00,1.221663442965232216e+00,3.759180416388162305e-02,6.446130298366673818e-03,1.014003999628356079e+00,1.027112998092325272e-02,3.300959872590884333e+05,1.069656531256635162e+03,9.946185456677766323e-01,1.047539989827901002e-02,6.625940552619164273e-03,9.097035751982779361e-01,1.444478145414681940e-03,1.467019078796683695e+00,9.564208503405147166e-01,5.572687160087884568e-03,4.044251686800592327e-01,3.497298685300054494e+05,2.086352387379243112e+00,8.893157967939384623e-01,9.378097653580291793e-01,1.478137236963125364e-03,5.690509277396304556e-03,6.630506868204228549e-03,9.195260505684873520e-01,6.371813210101797114e-04,1.450180790049263813e+00,4.180112963666182124e-01,3.497353214676140342e+05,2.144268304467622066e+00,8.994395076590091520e-01,6.517117779536873859e-04
5.200000000000000000e+01,1.299999999999999940e-02,1.000000000000000000e+00,2.000000000000000000e+06,6.384948000000000000e+06,7.000664458506365984e-01,1.739826809392830131e-01,1.158793010907353122e-01,4.790898252547732272e-01,1.145532035832300122e-01,8.261431500637249348e-02,-2.690564626878712458e-04,4.735722841839400954e-01,4.516350427401892229e-03,3.104590933068476152e+05,8.900386939621943156e+02,1.103572011554089793e-01,2.654615669146852958e-02,2.133357378431412297e-05,4.591210483514247542e-01,6.897964589764513620e-04,2.365935546870193917e+00,4.012045538207276718e-01,1.297984314638155447e-03,4.238492382487069055e-01,3.191056638384451508e+05,1.493939981469078360e+00,1.051681526375898151e-01,9.019914652379557030e-02,4.090047824850456468e-03,7.924321844912096680e-03,2.430833595903443480e-05,4.417655475636667051e-01,2.983396375407403652e-04,2.512849170806446431e+00,3.914342441082434010e-01,3.190532503987124655e+05,1.981197624314606998e+00,9.970913408984333204e-02,1.800364497121492669e-03
5.400000000000000000e+01,1.299999999999999940e-02,2.000000000000000000e+00,2.000000000000000000e+06,1.389683600000000000e+07,5.192673361340017779e-01,1.789313682242047177e-01,6.025794462509258959e-02,3.076544865313973198e-01,7.408588168579058331e-02,5.265535676579422009e-02,-4.400225459874470765e-04,3.025594219298218812e-01,3.367029490708571549e-03,6.759291210345170693e+05,2.731292950118012868e+03,6.664008533663763612e-02,2.068552365158182749e-02,-2.491969772958462772e-04,2.861079433837389052e-01,3.858807368490887015e-04,2.084317146186089875e+00,2.753797759667231393e-01,1.431729986494209529e-03,3.289651195142631046e-01,6.944623140151172411e+05,3.677761759408670006e+00,5.170212191973633242e-02,7.527332211499297709e-02,2.910453935102539150e-03,6.940594039193899445e-03,-2.495928084246126040e-04,2.841259098358979163e-01,1.671194817893570503e-04,2.105210142271935592e+00,3.171872820482018462e-01,6.944553675390515709e+05,3.735996441779643629e+00,5.706600890767274392e-02,1.141311778893233436e-03
5.500000000000000000e+01,1.299999999999999940e-02,3.000000000000000000e+00,2.000000000000000000e+06,1.592154000000000000e+07,4.533213586771711046e-01,1.396191378266553595e-01,5.955778171752518918e-02,2.469798992478983157e-01,5.709177518941782603e-02,4.413554161932544545e-02,-4.612194033197948963e-04,2.435398125614363363e-01,2.754258891370932241e-03,7.755860202427365584e+05,3.281755544463522710e+03,4.842304571256689921e-02,1.858548634542441999e-02,-2.619092698956233768e-04,2.291133389985335611e-01,2.487921121580626352e-04,2.015058829031365573e+00,2.358468654493777739e-01,1.511253343622023359e-03,2.760793517713582834e-01,7.957137256318592699e+05,3.317351846143270944e+00,3.596193394440818508e-02,5.879480573308622227e-02,2.226443469638983343e-03,8.272586659375582088e-03,-2.609597329871032574e-04,2.300284631099613619e-01,1.160367434684358209e-04,2.001548585100252353e+00,2.846467897548161652e-01,7.957115387854782166e+05,3.343772021646530312e+00,3.978716721775727577e-02,9.386256709917537022e-04
5.600000000000000000e+01,1.299999999999999940e-02,4.000000000000000000e+00,2.000000000000000000e+06,1.422690400000000000e+07,3.970149987334808950e-01,1.132012121552607442e-01,5.672384937472751965e-02,2.151708876202403364e-01,3.141453923856216829e-02,6.186490461008498087e-02,-8.118776305004413727e-05,2.152084967734774756e-01,2.079676749502391928e-03,6.946284708159957081e+05,2.110335093160028464e+03,3.308418834427301336e-02,1.885338523809813177e-02,2.219547414067583164e-04,2.048237765859993453e-01,1.765903915518732422e-04,1.998218831309121146e+00,2.112347596672257688e-01,1.301031475330577652e-03,2.428547645416942458e-01,7.111157768441770459e+05,2.150153698776114730e+00,2.787534660075948259e-02,4.255302351910510844e-02,1.863688475761938372e-03,9.218516275162121770e-03,2.234599597031871894e-04,2.055572761152693606e-01,8.578000581419803591e-05,1.983824333163936693e+00,2.511596495882542079e-01,7.111139020927982638e+05,2.173687694402285597e+00,2.995844193240308068e-02,8.444129204639924668e-04
5.700000000000000000e+01,1.299999999999999940e-02,5.000000000000000000e+00,2.000000000000000000e+06,9.927658000000000000e+06,3.487033276372386026e-01,8.361687970641286383e-02,5.994810650063082946e-02,1.996090632860951231e-01,4.423238297958956983e-02,3.729048189811873248e-02,3.348779322767636807e-04,2.001342246581436224e-01,1.764208270209141052e-03,4.863629689718302689e+05,1.239604715357346095e+03,3.340131739162932600e-02,1.369532647357610787e-02,6.445787780900413258e-04,1.926649675689578733e-01,1.697948580315818687e-04,1.973818725055163315e+00,1.914464173507042510e-01,1.305305732416920175e-03,2.154331466979909626e-01,4.962115231634673546e+05,1.783658257536999026e+00,2.101859717146680601e-02,3.739042325554076812e-02,2.302468029810725292e-03,9.818554268830489290e-03,6.444351575371407275e-04,1.925414341383323569e-01,8.417903192373989152e-05,1.976917805687840035e+00,2.139386800327491567e-01,4.962113374740069848e+05,1.783454854999200867e+00,2.314031382341644530e-02,1.040514471650184382e-03
